7.884480189057356370e+00,8.762078917051226767e+00,9.651387350552440125e+00,1.067059325537927350e+01,1.174296672815752629e+01,1.260142692741614212e+01,1.380393237891969704e+01,1.490327353130759036e+01,1.597570051714480144e+01,1.704172290588594763e+01,7.553501670648152810e-01,1.755123953640289614e+00,2.842921356808485456e+00,3.691330053703548941e+00,4.645635333778866283e+00,5.081451828131374526e+00,5.516390890908720479e+00,5.952957194493844639e+00,6.390587352956995204e+00,6.824265359099651818e+00,7.261653133670588289e+00
8.018079517155470626e+00,8.960991839416308835e+00,9.860224321391271474e+00,1.089223265993065581e+01,1.196901127314104940e+01,1.282044908879190359e+01,1.403367028279272688e+01,1.513551514856307278e+01,1.620854118649050690e+01,1.727382707189558175e+01,9.856260255975222151e-01,1.983495053367956729e+00,3.068121198070397071e+00,3.913270953233787708e+00,4.645635333778866283e+00,5.081451828131374526e+00,5.516390890908720479e+00,5.952957194493844639e+00,6.390587352956995204e+00,6.824265359099651818e+00,7.297358096552695628e+00
8.175808247628353342e+00,9.171986837386370439e+00,1.007454069463484814e+01,1.111631193830457676e+01,1.219509691819580155e+01,1.304020741368601932e+01,1.426371262390897243e+01,1.536787726687491329e+01,1.644139640264380375e+01,2.058396207928261390e-01,1.215794306174014849e+00,2.211723011240760428e+00,3.293126421071203680e+00,4.118981458210381419e+00,4.645635333778866283e+00,5.081451828131374526e+00,5.516390890908720479e+00,5.952957194493844639e+00,6.390587352956995204e+00,6.824266536376367043e+00,7.373201437968273098e+00
8.352058674929409676e+00,9.391785325276444496e+00,1.029295421347113404e+01,1.134217418632688634e+01,1.242095378803843175e+01,1.326057359406242142e+01,1.449400123624904779e+01,1.560033264729430869e+01,1.667425056994598265e+01,4.377542093092721132e-01,1.445849197962782995e+00,2.439805856035714982e+00,3.516572578666139037e+00,4.208980614132624254e+00,4.645635333778866283e+00,5.081451828131374526e+00,5.516390890908720479e+00,5.952957194493844639e+00,6.390587352956995204e+00,6.835032013900072201e+00,7.484476626017364964e+00
8.542387125857416663e+00,9.617883291646322164e+00,1.051442924991478378e+01,1.156932028114140110e+01,1.264641346300645353e+01,1.348144990037918944e+01,1.472449221633429772e+01,1.583286041884493045e+01,1.690709108514836601e+01,6.695657236760688136e-01,1.675785547001279241e+00,2.667707639222381744e+00,3.721412007173338310e+00,4.208980614132624254e+00,4.645635333778866283e+00,5.081451828131374526e+00,5.516390890908720479e+00,5.952957194493844639e+00,6.390587352956995204e+00,6.882839052880907360e+00,7.624287175584353093e+00
8.743361680180939288e+00,9.848377425731897006e+00,1.073819108131549172e+01,1.179736904558824051e+01,1.287138694971288544e+01,1.370276138624440421e+01,1.495515224469731663e+01,1.606544441181573291e+01,1.713990758719829444e+01,9.012699233935812515e-01,1.905597468998191601e+00,2.894890305639105321e+00,3.776970836620616723e+00,4.208980614132624254e+00,4.645635333778866283e+00,5.081451828131374526e+00,5.516390890908720479e+00,5.952957194493844639e+00,6.391066852031311640e+00,6.970488054408573220e+00,7.786282867501963523e+00
8.952367528396067087e+00,1.008182583258387410e+01,1.096366040396146957e+01,1.202602764004946323e+01,1.309584625329630114e+01,1.392445010662886773e+01,1.518595585762268740e+01,1.629807192318644127e+01,7.269139804554569650e-02,1.132863134759357848e+00,2.135261885764290213e+00,3.116871122289236240e+00,3.776970836620616723e+00,4.208980614132624254e+00,4.645635333778866283e+00,5.081451828131374526e+00,5.516390890908720479e+00,5.952957194493844639e+00,6.411035706173461080e+00,7.091993546469122833e+00,7.965237250989783746e+00
9.167427358862042297e+00,1.031714011448373469e+01,1.119040374578300145e+01,1.225506968675442465e+01,1.331980864767184869e+01,1.414647083106625303e+01,1.541688342415692148e+01,1.653073280263460276e+01,3.054351039616527430e-01,1.364341556399292443e+00,2.364626302083959075e+00,3.308213249457107707e+00,3.776970836620616723e+00,4.208980614132624254e+00,4.645635333778866283e+00,5.081451828131374526e+00,5.516390890908720479e+00,5.952957194493844639e+00,6.470521697722485754e+00,7.240381244724428456e+00,8.157037575441759003e+00
9.387051940700402497e+00,1.055350336288573487e+01,1.141809614516951399e+01,1.248431919479297392e+01,1.354332317164524113e+01,1.436878786523557494e+01,1.564791964622484954e+01,1.676341877621432275e+01,5.381322307282196959e-01,1.595697139341890392e+00,2.592296021501791614e+00,3.341780234683138673e+00,3.776970836620616723e+00,4.208980614132624254e+00,4.645635333778866283e+00,5.081451828131374526e+00,5.516390890908720479e+00,5.955469115977958694e+00,6.568108918386538875e+00,7.409512638818565478e+00,8.358518948725414788e+00
9.610121560151938525e+00,1.079030851565103433e+01,1.164649318640231002e+01,1.271363880442471839e+01,1.376645915493686800e+01,1.459137269341321996e+01,1.587905244655551940e+01,1.699612294590271233e+01,7.707768976845805753e-01,1.826878313840321510e+00,2.806872351676869215e+00,3.341780234683138673e+00,3.776970836620616723e+00,4.208980614132624254e+00,4.645635333778866283e+00,5.081451828131374526e+00,5.516390890908720479e+00,5.984383778872935267e+00,6.697211039856991732e+00,7.594416883838075449e+00,8.567276456161689424e+00
9.835794312679112750e+00,1.102711217912651875e+01,1.187541011977087635e+01,1.294292122113968446e+01,1.398929671318357748e+01,1.481420222840999656e+01,1.611027214399602769e+01,1.722883941708893474e+01,1.003362600867770738e+00,2.057413763393210360e+00,2.908659580600410521e+00,3.341780234683138673e+00,3.776970836620616723e+00,4.208980614132624254e+00,4.645635333778866283e+00,5.081451828131374526e+00,5.516390890908720479e+00,6.051751067942287676e+00,6.851089249793684388e+00,7.791210749149595216e+00,8.781496799435071665e+00
1.006343625201604652e+01,1.126359984971823280e+01,1.210470631945646858e+01,1.317208298152938539e+01,1.421191917684497241e+01,1.503725751085768536e+01,1.634157084168681706e+01,1.615629982708490786e-01,1.235870735597355718e+00,2.282366140976929358e+00,2.908659580600410521e+00,3.341780234683138673e+00,3.776970836620616723e+00,4.208980614132624254e+00,4.645635333778866283e+00,5.081451828131374526e+00,5.522311867420338416e+00,6.154039516324242953e+00,7.024008435704327979e+00,7.996916616628393371e+00,8.999819619641325374e+00
1.029256871836908260e+01,1.149955929765907570e+01,1.233427374915920893e+01,1.340105990167093353e+01,1.443440737701605769e+01,1.526052274081864368e+01,1.657294197242110556e+01,3.942887196835407337e-01,1.468167997923583101e+00,2.463581519173853707e+00,2.908659580600410521e+00,3.341780234683138673e+00,3.776970836620616723e+00,4.208980614132624254e+00,4.645635333778866283e+00,5.081451828131374526e+00,5.560098399047117113e+00,6.284777512177978309e+00,7.211387569555792965e+00,8.209275871484688736e+00,9.221227771615300384e+00
1.052282889554167866e+01,1.173485963535533472e+01,1.256402842940418907e+01,1.362980371910889232e+01,1.465683564163673225e+01,1.548398455518390904e+01,1.680437995566073539e+01,6.270089300426455736e-01,1.698814551538131212e+00,2.476141628506237424e+00,2.908659580600410521e+00,3.341780234683138673e+00,3.776970836620616723e+00,4.208980614132624254e+00,4.645635333778866283e+00,5.081465231405697835e+00,5.636478354094403898e+00,6.437784681255603658e+00,7.409672621405828608e+00,8.426586975847779826e+00,9.444962409873735254e+00
1.075394042213282830e+01,1.196943426832037005e+01,1.279390414878413651e+01,1.385827956339237232e+01,1.487926928955501182e+01,1.570763148688335775e+01,1.703587988876164161e+01,8.596865291931941044e-01,1.918222544489932346e+00,2.476141628506237424e+00,2.908659580600410521e+00,3.341780234683138673e+00,3.776970836620616723e+00,4.208980614132624254e+00,4.645635333778866283e+00,5.093476197058603105e+00,5.746650702866983096e+00,6.607904084299516256e+00,7.616149102662316039e+00,8.647574023441190860e+00,9.670458152262110474e+00
1.098569157455402490e+01,1.220326651053069611e+01,1.302384785002401202e+01,1.408646398643809050e+01,1.510176336557104548e+01,1.593145355825033960e+01,1.726743686157477953e+01,1.092053468427561569e+00,2.043430091135430615e+00,2.476141628506237424e+00,2.908659580600410521e+00,3.341780234683138673e+00,3.776970836620616723e+00,4.208980614132624254e+00,4.645635333778866283e+00,5.142415286732298085e+00,5.884002101329709689e+00,6.791049279006099226e+00,7.828762757844852871e+00,8.871283533170238655e+00,9.897294003243157334e+00
1.121791911347794723e+01,1.243637712678825835e+01,1.325381626412895741e+01,1.431434335933506929e+01,1.532436234325980706e+01,1.615544196999336179e+01,1.990412507549557120e-01,1.321495475600496405e+00,2.043430091135430615e+00,2.476141628506237424e+00,2.908659580600410521e+00,3.341780234683138673e+00,3.776970836620616723e+00,4.208980614132624254e+00,4.646253362380942775e+00,5.230278481766216458e+00,6.042481243173849492e+00,6.984062163956220814e+00,8.045967898335842250e+00,9.097004920270162387e+00,1.012515642782016911e+01
1.145049634255049398e+01,1.266881343001644211e+01,1.348377347290092132e+01,1.454191250128762647e+01,1.554710053150650140e+01,1.637958882695529894e+01,4.306426547185218112e-01,1.533077015579092262e+00,2.043430091135430615e+00,2.476141628506237424e+00,2.908659580600410521e+00,3.341780234683138673e+00,3.776970836620616723e+00,4.208980614132624254e+00,4.666896034913403213e+00,5.351119863618404082e+00,6.217107673324814954e+00,7.184535635457418579e+00,8.266605811136766846e+00,9.324209903991313553e+00,1.035381168838244648e+01
1.168332428432323411e+01,1.290063980549437872e+01,1.371368916028522733e+01,1.476917345242240742e+01,1.577000294665747049e+01,1.660388664750932719e+01,6.618558827849163606e-01,1.610611811024025286e+00,2.043430091135430615e+00,2.476141628506237424e+00,2.908659580600410521e+00,3.341780234683138673e+00,3.776970836620616723e+00,4.208980614132624254e+00,4.726351919731623497e+00,5.498127593067462016e+00,6.403956742574020922e+00,7.390650105158751870e+00,8.489809979866972611e+00,9.552506672305266733e+00,1.058308519024535244e+01
1.191632515203072273e+01,1.313192966356270119e+01,1.394353737296800944e+01,1.499613433741110669e+01,1.599308643344171799e+01,1.682832548003524664e+01,8.896274308036957734e-01,1.610611811024025286e+00,2.043430091135430615e+00,2.476141628506237424e+00,2.908659580600410521e+00,3.341780234683138673e+00,3.776970836620616723e+00,4.211646382156654767e+00,4.823014260000203279e+00,5.665315161815438927e+00,6.600003069012469581e+00,7.601037131905737709e+00,8.714933408302751872e+00,9.781605369717393472e+00,1.081284610254143885e+01
1.214943750438082759e+01,1.336275885774985284e+01,1.417329565540394753e+01,1.522280829239845445e+01,1.621636071859778383e+01,1.705287578329135556e+01,1.099101537143948093e+00,1.610611811024025286e+00,2.043430091135430615e+00,2.476141628506237424e+00,2.908659580600410521e+00,3.341780234683138673e+00,3.776970836620616723e+00,4.241292864248716654e+00,4.950443616894371957e+00,5.847830460668770769e+00,6.802943778368241823e+00,7.814670809008529062e+00,8.941493462808065118e+00,1.001129218915425767e+01,1.104299593455740691e+01
1.238261262865252377e+01,1.359320057629203404e+01,1.440294445787701250e+01,1.544921244149956863e+01,1.643982834739334464e+01,1.727737068418487354e+01,1.176747133829959324e+00,1.610611811024025286e+00,2.043430091135430615e+00,2.476141628506237424e+00,2.908659580600410521e+00,3.341780234683138673e+00,3.776970836620616723e+00,4.309819056580717955e+00,5.102075431073270551e+00,6.041876963806227963e+00,7.011039868903193195e+00,8.030783405703967759e+00,9.169130293585251223e+00,1.024140996091213296e+01,1.127346006897155561e+01
1.261581181683736474e+01,1.382332165353118114e+01,1.463246674103164935e+01,1.567536689075488709e+01,1.666347607176722079e+01,2.007655876797365124e-01,1.176747133829959324e+00,1.610611811024025286e+00,2.043430091135430615e+00,2.476141628506237424e+00,2.908659580600410521e+00,3.341780234683138673e+00,3.784685412484204647e+00,4.413569366193851096e+00,5.272320992665864736e+00,6.244537895017653995e+00,7.222985260448066214e+00,8.248800829922114275e+00,9.397575636438485702e+00,1.047184362774398991e+01,1.150418149998361272e+01
1.284900428949642048e+01,1.405318018086062182e+01,1.486184771816043337e+01,1.590129351096193489e+01,1.688722925954495224e+01,4.200806821181366502e-01,1.176747133829959324e+00,1.610611811024025286e+00,2.043430091135430615e+00,2.476141628506237424e+00,2.908659580600410521e+00,3.341780234683138673e+00,3.828432646147657437e+00,4.545978139367345960e+00,5.456712009106862382e+00,6.453595927027148349e+00,7.437802941678508972e+00,8.468293734040624798e+00,9.626629478697733333e+00,1.070250938513805394e+01,1.173511621185221188e+01
1.308216558944000951e+01,1.428282424313623267e+01,1.509107468542281083e+01,1.612701358079731051e+01,1.711081502699106238e+01,6.249878908682511280e-01,1.176747133829959324e+00,1.610611811024025286e+00,2.043430091135430615e+00,2.476141628506237424e+00,2.908659580600410521e+00,3.341974669180554969e+00,3.913837669848273748e+00,4.700789144736742031e+00,5.651778142564690910e+00,6.667376561536737967e+00,7.654764404430832059e+00,8.688940716194618830e+00,9.856142646367313631e+00,1.093334656669267346e+01,1.196622977518037700e+01
1.331527631758994801e+01,1.451229157433890293e+01,1.532013688003694085e+01,1.635254115072974912e+01,3.296950762139871927e-02,7.374936668924725325e-01,1.176747133829959324e+00,1.610611811024025286e+00,2.043430091135430615e+00,2.476141628506237424e+00,2.908659580600410521e+00,3.358767092962718692e+00,4.035130373628529554e+00,4.872784158070000871e+00,5.854865675073536835e+00,6.884620862244386075e+00,7.873327962443052996e+00,8.910500753800615570e+00,1.008600383028467817e+01,1.116431158380077804e+01,1.219749484512882631e+01
1.354832112051623483e+01,1.474160991563370260e+01,1.554902522255393649e+01,1.657784161609977502e+01,2.393815548599569354e-01,7.374936668924725325e-01,1.176747133829959324e+00,1.610611811024025286e+00,2.043430091135430615e+00,2.476141628506237424e+00,2.908659580600410521e+00,3.414259590276312650e+00,4.184986485827064229e+00,5.057827657410594924e+00,6.063963640650708697e+00,7.104385444933907223e+00,8.093091919991561412e+00,9.132792622776147340e+00,1.031612992972335618e+01,1.139537340221667350e+01,1.242888932600635243e+01
1.378128786622174573e+01,1.497079785831699894e+01,1.577773073995358288e+01,1.680221104421035250e+01,3.051678999821341165e-01,7.374936668924725325e-01,1.176747133829959324e+00,1.610611811024025286e+00,2.043430091135430615e+00,2.476141628506237424e+00,2.910426891101618452e+00,3.508101190848375239e+00,4.356829023480511154e+00,5.252722640808595855e+00,6.277556511893120472e+00,7.325965356863687106e+00,8.313759209408143391e+00,9.355679570459468408e+00,1.054645886954056877e+01,1.162651016844955265e+01,1.266039502687641161e+01
1.401416696402820605e+01,1.519986584737479518e+01,1.600622452881496827e+01,1.701849293926683515e+01,3.051678999821341165e-01,7.374936668924725325e-01,1.176747133829959324e+00,1.610611811024025286e+00,2.043430091135430615e+00,2.476141628506237424e+00,2.937897745707541475e+00,3.633902368425193430e+00,4.545281481808356006e+00,5.455031524758478412e+00,6.494505952635190482e+00,7.548835279125736264e+00,8.535110787862404180e+00,9.579057922152426130e+00,1.077694425853408333e+01,1.185770669660399435e+01,1.289199667787803705e+01
1.424695079584786583e+01,1.542881557885313271e+01,1.623427899491754545e+01,1.716898963158330105e+01,3.051678999821341165e-01,7.374936668924725325e-01,1.176747133829959324e+00,1.610611811024025286e+00,2.043430091135430615e+00,2.476141628506237424e+00,3.006017677624893025e+00,3.784918024811982917e+00,4.746115046823486949e+00,5.662911165993048002e+00,6.713958563350271191e+00,7.772605013426382214e+00,8.756985676108225647e+00,9.802848623132344841e+00,1.100755141659254477e+01,1.208895259931261634e+01,1.312368121065574300e+01
1.447963321152526817e+01,1.565762138902546496e+01,1.645944792704456461e+01,1.717021404177999955e+01,3.051678999821341165e-01,7.374936668924725325e-01,1.176747133829959324e+00,1.610611811024025286e+00,2.043430091135430615e+00,2.482302473158338074e+00,3.111463817837115897e+00,3.955360581637219042e+00,4.956066430960245128e+00,5.874975236740791473e+00,6.935275097906522745e+00,7.996985928208086847e+00,8.979266010054740121e+00,1.002699096568289505e+01,1.123825441854372897e+01,1.232024090092147262e+01,1.335543723141017480e+01
1.471220879661886727e+01,1.588604697442816871e+01,1.666571201958122117e+01,1.717021404177999955e+01,3.051678999821341165e-01,7.374936668924725325e-01,1.176747133829959324e+00,1.610611811024025286e+00,2.043430091135430615e+00,2.522342523062231834e+00,3.247330570668619742e+00,4.140592300060486508e+00,5.172643722002842281e+00,6.090184559950099441e+00,7.157976725186184552e+00,8.221765727735085960e+00,9.201865863825641867e+00,1.025143793931826153e+01,1.146903389273355955e+01,1.255156701178216494e+01,1.358725463336801553e+01
1.494466944874390890e+01,1.611171227144829743e+01,1.673596812538436041e+01,1.717021404177999955e+01,3.051678999821341165e-01,7.374936668924725325e-01,1.176747133829959324e+00,1.610611811024025286e+00,2.043478887192943461e+00,2.603256017204497397e+00,3.406947522205879153e+00,4.337008989917304547e+00,5.393956074727352501e+00,6.307761868417824047e+00,7.381704517980406166e+00,8.446789499861178996e+00,9.424722904448483263e+00,1.047615278496428104e+01,1.169987537970282787e+01,1.278292797284637672e+01,1.381912430454803697e+01
1.517696136832371678e+01,1.629623464961373713e+01,1.673596812538436041e+01,1.717021404177999955e+01,3.051678999821341165e-01,7.374936668924725325e-01,1.176747133829959324e+00,1.610611811024025286e+00,2.057569387292712548e+00,2.719730372455043010e+00,3.584733955463629940e+00,4.541853996502194235e+00,5.618575091508059671e+00,6.527126525282792358e+00,7.606189063130866401e+00,8.671945479665392753e+00,9.647792169491221870e+00,1.070110644104510911e+01,1.193076810652612707e+01,1.301432190230934438e+01,1.405103784591241478e+01
1.540828523697312846e+01,1.630665176215130430e+01,1.673596812538436041e+01,1.717021404177999955e+01,3.051678999821341165e-01,7.374936668924725325e-01,1.176747133829959324e+00,1.610611811024025286e+00,2.110295789523288335e+00,2.864670797461112528e+00,3.776263676974789263e+00,4.753037607493833860e+00,5.845426082929261469e+00,6.747845004296404881e+00,7.831227744812419900e+00,8.897154345554834975e+00,9.871041434694316052e+00,1.092627564968608667e+01,1.216170406970359963e+01,1.324574759120178769e+01,1.428298634824934865e+01
1.563415404535997766e+01,1.630665176215130430e+01,1.673596812538436041e+01,1.717021404177999955e+01,3.051678999821341165e-01,7.374936668924725325e-01,1.176747133829959324e+00,1.611745569835502323e+00,2.202566730913613213e+00,3.031657112414389843e+00,3.978114646531079046e+00,4.968983566049384848e+00,6.073704490890090568e+00,6.969593564741838776e+00,8.056667807900904421e+00,9.122361157680440868e+00,1.009444777147046679e+01,1.115164155114819877e+01,1.239267734720089820e+01,1.347720418128690412e+01,1.451494885254910727e+01
1.583181022002655425e+01,1.630665176215130430e+01,1.673596812538436041e+01,1.717021404177999955e+01,3.051678999821341165e-01,7.374936668924725325e-01,1.176747133829959324e+00,1.636267621604357458e+00,2.328030546830856196e+00,3.215438108806832673e+00,4.187678114008090091e+00,5.188505846788469711e+00,6.302812381747255444e+00,7.192130244101630154e+00,8.282393755402974733e+00,9.347529272278219281e+00,1.031799499415305021e+01,1.137718863920110479e+01,1.262368358022478887e+01,1.370869067967140253e+01,1.474683430598303957e+01
1.587253657838586207e+01,1.630665176215130430e+01,1.673596812538436041e+01,1.717021404177999955e+01,3.051678999821341165e-01,7.374936668924725325e-01,1.176747133829959324e+00,1.701241914320913651e+00,2.479728450205211487e+00,3.411892417195954152e+00,4.402982181246752447e+00,5.410712630546694157e+00,6.532310443160209701e+00,7.415273911179010469e+00,8.508317984490073371e+00,9.572635734745798430e+00,1.054167177203478545e+01,1.160290398326460704e+01,1.285471957668334753e+01,1.394020407019280228e+01,1.497797610455716821e+01
1.587253657838586207e+01,1.630665176215130430e+01,1.673596812538436041e+01,1.717021404177999955e+01,3.051678999821341165e-01,7.374936668924725325e-01,1.181225347745591847e+00,1.803982890509328030e+00,2.651632514112602479e+00,3.617851585146777182e+00,4.622544531598745010e+00,5.634932775516485748e+00,6.761881697212711373e+00,7.638888638627658878e+00,8.734373836014238890e+00,9.797667781367263018e+00,1.076547023762477906e+01,1.182877664767729797e+01,1.308578297262473811e+01,1.417172494810085581e+01,1.520398249584703976e+01
1.587253657838586207e+01,1.630665176215130430e+01,1.673596812538436041e+01,1.717021404177999955e+01,3.051678999821341165e-01,7.374936668924725325e-01,1.216814139865842748e+00,1.937658087086727932e+00,2.838894653822816139e+00,3.830907945451226482e+00,4.845255081727085411e+00,5.860660143643112718e+00,6.991303922330128984e+00,7.862872066829506679e+00,8.960510438609983197e+00,1.002262017457274723e+01,1.098938496483728144e+01,1.205479725630905463e+01,1.331687169676515836e+01,1.440313358257114018e+01,1.540098999203734920e+01
1.587253657838586207e+01,1.630665176215130430e+01,1.673596812538436041e+01,1.717021404177999955e+01,3.051678999821341165e-01,7.374944247017900523e-01,1.292513496808791018e+00,2.095546002045121980e+00,3.037741508505629184e+00,4.049244814356224964e+00,5.070284763925680949e+00,6.087511769426267705e+00,7.220428468913009823e+00,8.087146753649616215e+00,9.186688884599103488e+00,1.024749316730048676e+01,1.121341222252300085e+01,1.228095766198049077e+01,1.354798173043195320e+01,1.463341344629642649e+01,1.543879337727736001e+01
1.587253657838586207e+01,1.630665176215130430e+01,1.673596812538436041e+01,1.717021404177999955e+01,3.051678999821341165e-01,7.471965132901310369e-01,1.403636380878364065e+00,2.271995038744048401e+00,3.245286209791853338e+00,4.271497565270262697e+00,5.297015642092301135e+00,6.315196603686583643e+00,7.449163735706431311e+00,8.311653752809487372e+00,9.412879392491927177e+00,1.047229094443309450e+01,1.143754943247125411e+01,1.250725067317881312e+01,1.377908833293687607e+01,1.485493565550978801e+01,1.543879337727736001e+01
1.587253657838586207e+01,1.630665176215130430e+01,1.673596812538436041e+01,1.717021404177999955e+01,3.051678999821341165e-01,7.910053292570147221e-01,1.543293691834517034e+00,2.462515249665184314e+00,3.459341989155117147e+00,4.496644140472877638e+00,5.524987853701414764e+00,6.543492256794817052e+00,7.677462047246788046e+00,8.536347852708470185e+00,9.639059199088020335e+00,1.069702042803546860e+01,1.166179477839909495e+01,1.273366965689220009e+01,1.401000545709200296e+01,1.500548339535864883e+01,1.543879337727736001e+01
1.587253657838586207e+01,1.630665176215130430e+01,1.673596812538436041e+01,1.717021404177999955e+01,3.054460611838258899e-01,8.719976555478261560e-01,1.705137924044489495e+00,2.663633600128800794e+00,3.678262524865939298e+00,4.723920538783342948e+00,5.753859563059531723e+00,6.772227750324130824e+00,7.905309046303269582e+00,8.761194050581220694e+00,9.865210990169227756e+00,1.092169036169667251e+01,1.188614692234707704e+01,1.296020656712485319e+01,1.423886399956301929e+01,1.500592297349652071e+01,1.543879337727736001e+01
1.587253657838586207e+01,1.630665176215130430e+01,1.673596812538436041e+01,1.717021404177999955e+01,3.239255048989342356e-01,9.848497053044660277e-01,1.883943068790951969e+00,2.872702481561557164e+00,3.900813198018990846e+00,4.952756394804676887e+00,5.983376855758191226e+00,7.001270756915570104e+00,8.132714999693316571e+00,8.986164944582949232e+00,1.009132172806718231e+01,1.114631061020139313e+01,1.211060476351664406e+01,1.318683714445893074e+01,1.445528289906780728e+01,1.500592297349652071e+01,1.543879337727736001e+01
1.587253657838586207e+01,1.630665176215130430e+01,1.673596812538436041e+01,1.717021404177999955e+01,3.829946969844932880e-01,1.123164262419262371e+00,2.075595471779646317e+00,3.087721016352215742e+00,4.126070427000453122e+00,5.182726263151064217e+00,6.213351171311639831e+00,7.230518177302737826e+00,8.359707622274523686e+00,9.211238807202473566e+00,1.031738177111963850e+01,1.137089162507947648e+01,1.233516697471238999e+01,1.341342429173488071e+01,1.457224389255372543e+01,1.500592297349652071e+01,1.543879337727736001e+01
1.587253657838586207e+01,1.630665176215130430e+01,1.673596812538436041e+01,1.717283210808282945e+01,4.819137246655564866e-01,1.281253467647669453e+00,2.276928429129068121e+00,3.307185409959199518e+00,4.353344339669629193e+00,5.413512971076666958e+00,6.443642424126604595e+00,7.459889188129007920e+00,8.586326164175627440e+00,9.436398163858850552e+00,1.054338420736749171e+01,1.159544402955003406e+01,1.255982937352166218e+01,1.363891106531829323e+01,1.457224389255372543e+01,1.500592297349652071e+01,1.543879337727736001e+01
1.587253657838586207e+01,1.630665176215130430e+01,1.673596812538436041e+01,1.720335874204199911e+01,6.138670322475228147e-01,1.454488352235753013e+00,2.485534572962929900e+00,3.529969575613190358e+00,4.582120022308796337e+00,5.644880145405860361e+00,6.674146403486755474e+00,7.689320111392728307e+00,8.812616593222823980e+00,9.661628745689991860e+00,1.076932434497660651e+01,1.181997822127430808e+01,1.278456987423114910e+01,1.385957542692846900e+01,1.457224389255372543e+01,1.500592297349652071e+01,1.543879337727736001e+01
1.587253657838586207e+01,1.630665176215130430e+01,1.673596812538436041e+01,1.727438530834699293e+01,7.717001174073878644e-01,1.639242295116954296e+00,2.699597719009400265e+00,3.755232339758091342e+00,4.812013202536117973e+00,5.876651664229878946e+00,6.904785385891468508e+00,7.918760621007461253e+00,9.038627751425760692e+00,9.886918719186777338e+00,1.099519931545534845e+01,1.204450362223650117e+01,1.300929582012241426e+01,1.406042285263083258e+01,1.457224389255372543e+01,1.500592297349652071e+01,1.543879337727736001e+01
1.587253657838586207e+01,1.630665176215130430e+01,1.674354116848532215e+01,8.197806832023601942e-02,9.492587184550949075e-01,1.832729174959066398e+00,2.917754380511748735e+00,3.982346399735202880e+00,5.042736983302514631e+00,6.108696310367147220e+00,7.135501155721609479e+00,8.148170926195799524e+00,9.264408384194151580e+00,1.011225812036365923e+01,1.122100774984135896e+01,1.226902618497927833e+01,1.323349009697025380e+01,1.413461315140378005e+01,1.457224389255372543e+01,1.500592297349652071e+01,1.543879337727736001e+01
